<?xml version="1.0"?>
<window type="window" id="14000">
	<defaultcontrol always="true">120</defaultcontrol>
	<allowoverlay>no</allowoverlay>
	<onload lang="python"><![CDATA[	
try:
	mc.GetWindow(14000).GetList(121).SetFocusedItem(session.lastItemNumber)
except:
	pass
]]></onload>
	<controls>
		<control type="image" id="109">
			<posx>0</posx>
			<posy>0</posy>
			<width>1280</width>
			<height>720</height>
			<aspectratio scalediffuse="false">scale</aspectratio>
			<texture fallback="facebook-media-menu-background.png">$INFO[Container(120).ListItem.property(image0)]</texture>
			<visible>!Control.HasFocus(121)</visible>
		</control>
		<control type="image" id="100">
			<posx>0</posx>
			<posy>0</posy>
			<width>1280</width>
			<height>720</height>
			<fadetime>300</fadetime>
			<aspectratio>scale</aspectratio>
			<texture fallback="facebook-media-menu-background.png">$INFO[Container(121).ListItem.property(image0)]</texture>
			<visible>Control.HasFocus(121)</visible>
		</control>
		<control type="image">
			<posx>0</posx>
			<posy>0</posy>
			<width>1280</width>
			<height>720</height>
			<texture>facebook-media-menu-listbg.png</texture>
		</control>
		<control type="group">
			<animation effect="slide" end="-1280,0" time="600" condition="Control.HasFocus(121)">Conditional</animation>
			<control type="wraplist" id="120">
				<posx>28</posx>
				<posy>0</posy>
				<width>1252</width>
				<height>720</height>
				<orientation>vertical</orientation>
				<focusposition>1</focusposition>
				<scrolltime>400</scrolltime>
				<enable>!Control.IsVisible(150)</enable>
				<itemlayout width="142" height="142">
					<control type="image">
						<animation effect="slide" start="80,0" end="0,0" time="100">UnFocus</animation>
						<posx>10</posx>
						<posy>16</posy>
						<width>110</width>
						<height>110</height>
						<aspectratio>scale</aspectratio>
						<texture>$INFO[ListItem.Thumb]</texture>
						<colordiffuse>66FFFFFF</colordiffuse>
					</control>
					<control type="label">
						<posx>65</posx>
						<posy>130</posy>
						<width>110</width>
						<height>12</height>
						<font>font12b</font>
						<align>center</align>
						<aligny>center</aligny>
						<label>$INFO[ListItem.Label]</label>
						<textcolor>white</textcolor>
					</control>
					<control type="label">
						<posx>230</posx>
						<posy>16</posy>
						<width>1040</width>
						<height>110</height>
						<font>font80b</font>
						<align>left</align>
						<aligny>center</aligny>
						<label>$INFO[ListItem.Label]</label>
						<textcolor>white</textcolor>
						<visible>false</visible>
					</control>
				</itemlayout>
				<focusedlayout width="1252" height="142">
					<control type="image">
						<animation effect="fade" end="50" time="100">UnFocus</animation>
						<animation effect="slide" end="80,0" time="300" delay="100">Focus</animation>
						<posx>10</posx>
						<posy>16</posy>
						<width>110</width>
						<height>110</height>
						<aspectratio>scale</aspectratio>
						<texture>$INFO[ListItem.Thumb]</texture>
					</control>
					<control type="label">
						<animation effect="fade" start="0" end="100" time="400">UnFocus</animation>
						<animation effect="fade" start="100" end="0" time="100">Focus</animation>
						<posx>65</posx>
						<posy>130</posy>
						<width>110</width>
						<height>12</height>
						<font>font12b</font>
						<align>center</align>
						<aligny>center</aligny>
						<label>$INFO[ListItem.Label]</label>
						<textcolor>white</textcolor>
					</control>
					<control type="label">
						<animation effect="fade" end="100" time="400">UnFocus</animation>
						<posx>230</posx>
						<posy>16</posy>
						<width>1040</width>
						<height>110</height>
						<font>font80b</font>
						<align>left</align>
						<aligny>center</aligny>
						<label>$INFO[ListItem.Label]</label>
						<textcolor>white</textcolor>
						<selectedcolor>DD171717</selectedcolor>
					</control>
				</focusedlayout>
				<content type="url">
					<onclick lang="python">
<![CDATA[
session.menuItemSelected()	
]]>
					</onclick>
				</content>
				<onright lang="python">
<![CDATA[
session.menuItemSelected()	
]]>
				</onright>
			</control>
		</control>
		<control type="group">
			<animation effect="slide" end="-1110,0" time="600">Focus</animation>
			<control type="list" id="121">
				<posx>1280</posx>
				<posy>150</posy>
				<width>1110</width>
				<height>130</height>
				<orientation>horizontal</orientation>
				<scrolltime>300</scrolltime>
				<!-- <enable>!Control.IsVisible(150)</enable> -->
				<visible allowhiddenfocus="true">Control.HasFocus(121)</visible>
				<itemlayout width="150" height="130">
					<control type="image">
						<posx>10</posx>
						<posy>10</posy>
						<width>110</width>
						<height>110</height>
						<texture>$INFO[ListItem.Thumb]</texture>
						<colordiffuse>99FFFFFF</colordiffuse>
					</control>
				</itemlayout>
				<focusedlayout width="150" height="130">
					<control type="image">
						<posx>10</posx>
						<posy>10</posy>
						<width>110</width>
						<height>110</height>
						<texture>$INFO[ListItem.Thumb]</texture>
						<bordertexture border="10">facebook-media-image-border.png</bordertexture>
						<bordersize>5</bordersize>
					</control>
				</focusedlayout>
				<content type="url">
					<onclick lang="python"><![CDATA[
item = session.getFocusedItem(121)
session.showMedia(item)
]]></onclick>
				</content>
				<onup lang="python">
<![CDATA[
mc.GetActiveWindow().PopState()
]]>
				</onup>
				<ondown lang="python">
<![CDATA[
mc.GetActiveWindow().PopState()
]]>
				</ondown>
				<onright lang="python">
<![CDATA[
session.mediaNext()	
]]>
				</onright>
				<onleft lang="python">
<![CDATA[
session.mediaPrev()	
]]>
				</onleft>
			</control>
		</control>
		
		<control type="image" id="108">
			<posx>0</posx>
			<posy>0</posy>
			<width>1280</width>
			<height>720</height>
			<!--  <aspectratio scalediffuse="false">scale</aspectratio> -->
			<texture diffuse="facebook-media-menu-mask.png">facebook-media-menu-background.png</texture>
		</control>
		<control type="image" id="109">
			<posx>0</posx>
			<posy>0</posy>
			<width>1280</width>
			<height>720</height>
			<aspectratio scalediffuse="false">scale</aspectratio>
			<texture diffuse="facebook-media-menu-mask.png">$INFO[Container(120).ListItem.property(image0)]</texture>
			<visible>!Control.HasFocus(121)</visible>
		</control>
		<control type="image" id="110">
			<posx>0</posx>
			<posy>0</posy>
			<width>1280</width>
			<height>720</height>
			<fadetime>300</fadetime>
			<aspectratio scalediffuse="false">scale</aspectratio>
			<texture diffuse="facebook-media-menu-mask.png">$INFO[Container(121).ListItem.property(image0)]</texture>
			<visible>Control.HasFocus(121)</visible>
		</control>
		<control type="image" id="101">
			<posx>0</posx>
			<posy>0</posy>
			<width>1280</width>
			<height>720</height>
			<colordiffuse>8088AB3D</colordiffuse>
			<texture>facebook-media-menu-overlay.png</texture>
		</control>
		
		<control type="group">
			<posx>220</posx>
			<posy>117r</posy>
			<width>500</width>
			<height>100</height>
			<control type="image">
				<width>500</width>
				<height>100</height>
				<texture border="20">facebook-media-caption-back.png</texture>
				<visible>!$INFO[StringCompare(Container(121).ListItem.property(custom:caption),)]</visible>
			</control>
			<control type="label">
				<posx>20</posx>
				<posy>10</posy>
				<width>460</width>
				<height>80</height>
				<font>font20b</font>
				<align>center</align>
				<aligny>center</aligny>
				<textcolor>white</textcolor>
				<info>Container(121).ListItem.property(custom:caption)</info>
				<shadowcolor>ff000000</shadowcolor>
				<wrapmultiline>true</wrapmultiline>
			</control>
			<visible>Control.HasFocus(121)</visible>
		</control>
		
		<control type="group" id="180">
			<posx>220</posx>
			<posy>17</posy>
			<width>500</width>
			<height>100</height>
			<control type="image">
				<width>500</width>
				<height>50</height>
				<texture border="20">facebook-media-caption-back.png</texture>
			</control>
			<control type="label">
				<posx>20</posx>
				<posy>10</posy>
				<width>460</width>
				<height>30</height>
				<font>font20b</font>
				<align>center</align>
				<aligny>center</aligny>
				<textcolor>white</textcolor>
				<label>Friend: $INFO[App.String(current_friend_name)]</label>
				<shadowcolor>ff000000</shadowcolor>
			</control>
			<visible>false</visible>
		</control>
		
		<control type="image" id="150">
			<posx>810</posx>
			<posy>32</posy>
			<width>445</width>
			<height>69</height>
			<colordiffuse>8088AB3D</colordiffuse>
			<texture>facebook-media-progress-border.png</texture>
			<visible>false</visible>
		</control>
		<control type="image" id="151">
			<posx>820</posx>
			<posy>43</posy>
			<width>425</width>
			<height>47</height>
			<aspectratio align="left">keep</aspectratio>
			<texture>facebook-media-progress-bar-0.png</texture>
			<visible>Control.IsVisible(150)</visible>
		</control>
		<control type="label" id="152">
			<posx>860</posx>
			<posy>48</posy>
			<width>345</width>
			<height>37</height>
			<font>font20b</font>
			<align>center</align>
			<aligny>center</aligny>
			<textcolor>white</textcolor>
			<visible>Control.IsVisible(150)</visible>
		</control>
		<control type="button" id="160">
			<description>Box Focus</description>
			<posx>0</posx>
			<posy>0</posy>
			<width>1280</width>
			<height>720</height>
			<texturefocus>facebook-media-transparent.png</texturefocus>
			<texturenofocus>facebook-media-transparent.png</texturenofocus>
			<visible allowhiddenfocus="true">Control.IsVisible(150)</visible>
			<enable>Control.IsVisible(150)</enable>
		</control>
		<control type="label">
			<animation type="Visible">
				<effect type="slide" end="0,-810" time="300" delay="600" />
				<effect type="fade" start="0" end="100" time="300" delay="600" />
			</animation>
			<animation type="Hidden">
				<effect type="slide" end="0,810" time="300" />
				<effect type="fade" start="100" end="0" time="300" />
			</animation>
			<posx>94</posx>
			<posy>1440</posy>
			<width>700</width>
			<height>110</height>
			<angle>90</angle>
			<font>font80b</font>
			<align>left</align>
			<aligny>center</aligny>
			<label>$INFO[Container(120).ListItem.Label]</label>
			<textcolor>white</textcolor>
			<visible>Control.IsVisible(121)</visible>
		</control>
		<control type="image">
			<description>Current User Pic</description>
			<posx>835</posx>
			<posy>636</posy>
			<width>65</width>
			<height>51</height>
			<aspectratio>keep</aspectratio>
			<info>App.String(current_user_pic)</info>
		</control>
		<control type="image">
			<description>Current User Back</description>
			<posx>810</posx>
			<posy>619</posy>
			<width>445</width>
			<height>84</height>
			<colordiffuse>8088AB3D</colordiffuse>
			<texture border="10">facebook-media-user-back.png</texture>
		</control>
		<control type="label">
			<posx>900</posx>
			<posy>635</posy>
			<width>305</width>
			<height>52</height>
			<font>font30b</font>
			<align>center</align>
			<aligny>center</aligny>
			<textcolor>white</textcolor>
			<info>App.String(current_user_name)</info>
		</control>
	</controls>
</window>
