<?xml version="1.0" encoding="utf-8" ?>
<app>
	<id>com.2ndmind.facebook-media</id>
	<name>Facebook Media</name>
	<version>0.12</version>
	<description>Facebook Photos And Videos</description>
	<thumb>http://2ndmind.com/boxee/thumbs/facebook-media.png</thumb>
	<repositoryid>com.2ndmind</repositoryid>
	<repository>http://2ndmind.com/boxee</repository>
	<media>pictures</media>
	<copyright>GPL</copyright>
	<email>xbmc@2ndmind.com</email>
	<type>skin</type>
	<platform>all</platform>
	<minversion>0.9.11</minversion>
	<startWindow>main</startWindow>
	<test-app>true</test-app>
</app>
